gt,node,sc0,sc1,sc2,sc3,sc4,sc5,sc6,sc7,sc8,sc9,sc10,sc11,sc12,sc13,sc14,sc15,sc16,sc17,sc18,sc19,sc20,sc21,sc22,sc23,sc24,sc25,sc26,sc27,sc28,sc29,sc30,sc31,sc32,sc33,sc34,sc35,sc36,sc37,sc38,sc39,sc40,sc41,sc42,sc43,sc44,sc45
0,1,17.0625,29.8876,26.9806,25.0255,25.5412,25.3354,26.3352,25.4223,24.4588,23.2958,15.2342,1.95079,1.49655,20.9773,28.8927,28.3391,27.8203,27.4832,28.2181,28.4483,28.7563,30.6294,31.58,20.6059,13.6281,12.7618,12.0037,11.9893,12.3884,12.1937,11.8921,11.1231,7.93423,1.55164,1.76937,1.84433,5.74867,13.766,13.8292,13.1052,13.2976,13.052,13.1481,12.9924,13.6291,14.4108
0,2,16.4932,29.8113,28.7816,27.5676,28.0103,27.6017,29.1206,29.9231,30.2323,29.9401,19.7076,1.68499,1.38162,15.8719,22.773,23.3363,23.3657,23.0868,23.1343,22.3429,22.3228,24.629,26.9572,20.2976,15.5972,15.0597,14.5292,14.1679,14.5609,14.5771,15.0755,15.153,11.1279,1.96051,2.16195,2.24437,5.50761,12.3652,12.7886,12.3167,12.4827,11.9502,12.0019,11.8038,12.9536,14.571
0,3,17.9625,32.2507,31.2116,29.2406,29.3108,28.6908,29.8219,28.1664,25.8733,23.2755,14.6624,1.70733,1.27838,18.1627,24.807,25.0071,24.7091,24.8703,25.325,25.5967,25.5023,28.2799,30.9252,21.5077,15.0834,14.4953,13.6205,13.2458,13.6978,13.2897,12.9054,11.552,7.82718,1.59357,1.80938,1.89294,5.24412,12.3044,12.4936,12.017,12.352,12.1123,12.1674,12.0761,13.2018,14.8211
0,4,18.4419,31.0495,29.0025,26.6648,26.3894,25.5629,26.4313,26.5211,26.0265,24.5059,15.8267,2.58838,1.9316,19.7946,29.2916,30.5381,30.8464,30.3064,30.5259,29.9367,30.2024,32.0082,33.1224,21.3548,13.5794,12.595,11.6386,11.022,11.1561,10.6573,10.8466,10.2203,6.8575,0.874062,0.884903,0.87889,4.55815,12.3577,13.0741,13.0468,13.0926,12.8858,12.8195,12.7237,13.4098,14.4535
0,5,13.8644,24.6611,21.5557,19.7917,21.1376,22.5201,25.33,25.5778,24.6769,23.505,15.2089,1.18244,0.920279,19.4193,29.034,30.4108,30.4286,30.064,29.6459,28.7459,27.4294,27.8278,27.2354,17.4499,11.2551,10.1721,9.36743,9.96422,11.3793,12.0902,12.198,11.861,8.25398,1.31707,1.36772,1.41044,5.82523,15.0523,15.5614,15.2445,15.2831,14.67,14.2217,13.3906,13.1118,13.2065
0,6,17.8605,32.6482,29.4498,27.2593,27.1853,27.9438,30.9753,32.0692,30.8994,28.5698,17.7273,0.75312,0.626669,16.1854,25.0964,28.294,30.4194,31.6536,32.0596,32.1325,31.76,33.7398,34.6023,21.4845,13.2204,12.1901,11.249,11.1291,12.0206,12.9724,13.267,12.812,8.15288,0.670501,0.70821,0.789822,4.20148,11.5884,12.8207,13.617,14.2784,14.1045,13.9942,13.902,14.5336,15.3135
0,7,17.0765,31.7347,29.2841,27.0391,26.7951,26.491,27.4536,26.0448,24.1288,22.282,14.2493,1.29174,0.988755,20.4606,28.5176,28.4096,27.9026,27.3286,27.064,26.672,26.4038,28.6329,30.7275,21.5473,14.6765,13.7038,12.6605,12.3008,12.6242,12.5362,12.0075,10.9877,7.38393,1.01328,1.24493,1.30861,5.38822,13.6888,13.8818,13.2166,13.4003,12.9673,13.0031,12.8528,13.9581,15.3583
0,8,20.9746,36.66,31.9707,27.6433,25.4243,23.6779,23.7958,24.1571,24.0798,23.7742,16.0212,1.35881,1.08425,19.594,28.7714,30.4612,31.4281,30.9764,30.4009,30.4652,31.6215,34.7089,37.622,24.135,14.4384,12.9468,11.431,10.3099,10.0064,9.82794,10.0142,9.87535,7.02754,0.992443,1.19399,1.35523,5.06151,12.8358,13.696,13.7656,13.6655,13.1298,13.2304,13.7198,15.0726,16.4289
0,9,18.3495,34.4708,32.3884,29.5044,28.5227,26.9061,26.7432,24.7909,22.9434,21.0424,13.0116,1.23389,0.981614,17.6384,25.5623,27.0094,27.4544,28.092,28.6173,28.501,27.8056,29.7055,31.6047,21.6746,15.3459,14.5388,13.3104,12.5495,12.2993,11.8306,11.2045,10.4303,7.27718,1.46089,1.67087,1.73217,5.16612,12.5631,13.2206,12.998,13.6744,13.409,13.317,12.8346,13.5308,14.9317
0,10,18.4022,32.566,30.9306,29.173,29.2139,28.1598,27.9674,25.5636,22.7946,19.8717,12.186,2.14249,1.66944,15.4089,23.4474,25.9408,27.4275,28.3553,29.7501,29.6284,29.5,31.3976,33.1592,22.4542,15.5463,14.8002,13.8813,13.4276,13.4376,12.5569,11.8578,10.2352,6.94087,1.717,1.89626,1.9584,4.91811,11.7014,12.8409,13.0212,13.6398,13.5665,13.3811,12.9912,13.5231,14.8982
1,1,16.9483,29.9799,26.9922,25.1338,25.5199,25.654,26.655,25.9745,24.7822,23.4585,15.1705,1.18531,0.91204,20.0212,28.2995,28.3927,28.314,28.1467,28.5961,29.0415,29.3616,31.1412,32.2152,20.8766,13.5153,12.5458,11.8587,11.9682,12.3928,12.3665,12.0633,11.2769,7.60898,0.904066,1.02369,1.06244,5.06617,13.2388,13.4146,13.098,13.2919,13.1746,13.3247,13.374,14.0342,14.8393
1,2,18.0305,32.4322,30.8414,29.0918,28.7495,28.0635,29.1257,30.4286,31.2206,31.4635,21.226,1.59384,1.35497,15.9091,23.3692,24.2291,24.5848,24.4301,24.6875,24.5766,25.1021,27.4169,30.0354,21.7606,15.7169,15.0403,14.3033,13.7869,13.879,13.9137,14.5256,14.8978,10.8467,1.551,1.6397,1.70555,4.97187,11.8305,12.2598,12.1178,12.2468,11.9783,12.1264,12.2933,13.466,15.0454
1,3,18.2224,32.8171,31.7605,29.6811,29.4417,28.7835,29.5513,27.806,25.2706,22.7593,14.3082,1.1623,0.917582,18.2585,25.1263,25.2042,24.6806,24.5004,24.6513,25.4409,25.753,28.6227,31.5115,21.9433,15.4129,14.7899,13.8459,13.5513,13.8406,13.4,12.8833,11.5153,7.55045,1.30775,1.42572,1.51129,5.04139,12.317,12.2927,11.7763,11.8308,11.6396,11.8733,12.1034,13.3017,15.056
1,4,17.805,29.454,27.639,25.2957,24.7507,24.0291,24.4518,24.0612,23.1532,21.664,13.9766,1.85652,1.45799,16.6722,24.6317,25.7808,26.4326,26.3976,27.1017,27.5535,28.4561,30.5951,32.3995,21.7388,14.1895,13.119,12.1707,11.6937,11.7498,11.298,11.247,10.5131,7.03123,1.07218,1.09618,1.17578,4.57102,11.7407,12.3637,12.553,12.6246,12.7374,12.9015,13.3031,14.208,15.4529
1,5,10.959,19.2756,19.2567,21.2153,24.1676,26.0902,28.8228,29.2063,28.3207,27.1857,17.6449,1.18584,0.967386,20.7989,30.3005,30.7005,30.1639,29.1234,28.0382,26.6854,24.94,24.5617,22.8485,13.486,8.75021,9.30247,10.1909,11.855,13.458,14.1341,14.2975,13.9237,9.58908,1.29323,1.3338,1.40169,6.24343,16.011,16.0863,15.4069,14.913,14.0945,13.386,12.2947,11.5,10.7914
1,6,16.8469,30.7878,28.7658,27.0084,26.7581,26.8859,28.7631,29.509,28.464,26.2819,16.443,0.843011,0.752269,20.5687,30.4503,31.5523,31.8053,31.3008,30.9954,31.0972,30.7652,31.7417,31.98,20.2041,12.9997,12.3539,11.6077,11.3992,11.8528,12.3803,12.5674,12.1245,7.83499,0.883402,0.910641,1.01448,5.38308,14.2395,14.5594,14.3329,14.077,13.7343,13.6887,13.4917,13.684,14.1184
1,7,16.4218,30.8122,29.0609,27.7991,28.6936,29.5402,31.7778,30.9938,29.2628,27.5103,17.4522,1.0206,0.830339,21.522,31.0616,32.4524,32.2811,31.1186,29.0439,27.4957,25.8983,27.6331,29.3022,19.6225,13.4934,12.8135,12.1595,12.6344,13.5184,14.0169,13.5426,12.8279,8.41912,0.860894,0.977376,1.04478,5.2447,14.0982,14.6807,14.2382,13.9776,12.9394,12.3732,11.7817,12.3677,13.848
1,8,19.8378,35.8685,33.3533,30.9588,29.8863,29.2581,30.0582,31.2198,31.1771,30.8085,20.6047,1.30396,1.12964,20.9377,31.269,33.2097,34.3374,33.6952,32.3864,31.31,31.556,33.6639,36.7158,23.5523,14.2176,13.2848,12.3345,11.7397,11.8774,11.8041,12.2274,11.9939,8.11326,0.772977,0.866247,0.965783,4.80299,12.9415,13.7073,14.0467,13.4995,12.8757,12.7333,12.8245,13.8174,15.107
1,9,19.8377,37.1581,34.8881,31.7216,30.3651,28.6022,28.0737,26.1657,24.2159,22.2182,13.7224,1.16482,0.979436,17.4737,25.506,27.4111,28.5876,29.6861,30.5788,31.0492,30.7736,32.9808,35.2088,23.4978,16.0706,15.1129,13.7374,12.892,12.401,11.8219,11.1649,10.3686,6.96822,1.10077,1.18095,1.22765,4.46488,11.4227,12.1619,12.4874,13.3665,13.3857,13.4441,13.3405,14.1305,15.6791
1,10,18.5951,30.5635,31.7339,30.9102,31.0891,30.3338,30.1226,27.8143,24.803,21.8025,13.3494,1.69955,1.38026,15.4474,23.8902,26.6009,28.0738,28.72,29.4577,29.354,28.9277,30.3026,32.0911,21.2782,14.3366,14.0773,13.6165,13.6089,13.7323,12.9299,12.393,10.7941,7.00282,1.40773,1.52412,1.61209,4.71144,11.6775,12.8187,13.1745,13.3472,13.4204,13.0385,12.8071,13.1033,14.2211
2,1,17.3635,29.6185,26.0134,24.4875,25.3475,26.1608,27.7469,27.955,27.301,26.2036,17.1327,1.40524,1.10249,22.7496,31.7571,30.8356,30.3356,29.9755,30.8226,31.4527,32.0439,33.6457,34.1606,21.0501,12.6205,11.6214,11.1105,11.3842,12.1208,12.2532,12.3019,11.705,8.03011,1.06326,1.17331,1.21354,5.47793,13.9588,13.8488,13.3557,13.419,13.4251,13.6322,13.715,14.2844,14.7208
2,2,17.8451,31.4517,30.4559,29.1565,28.9799,28.5375,29.5581,30.9057,31.6488,31.7994,21.3906,1.35748,1.17166,16.2645,23.8743,24.3176,24.3504,23.7153,23.4635,22.9618,23.6749,26.1659,28.8597,21.2278,15.619,15.0711,14.6184,14.1723,14.3803,14.3707,15.0774,15.3862,11.2397,1.65658,1.75137,1.79962,5.22636,12.3009,12.5603,12.2145,11.958,11.5277,11.6023,11.8072,13.1338,14.712
2,3,18.2174,34.1651,32.1227,29.9936,29.7563,29.2271,30.3124,28.8968,26.6817,24.2128,15.4661,1.14051,0.892638,20.1021,28.1273,28.7169,28.2952,28.1057,27.9933,28.1103,27.7228,30.4005,32.5878,21.6209,14.6274,13.9768,13.0932,12.8467,13.151,13.1054,12.5064,11.3771,7.45999,1.13547,1.23015,1.27879,5.07032,12.9504,13.1879,12.6872,12.8302,12.4383,12.3531,12.224,13.186,14.6417
2,4,19.1736,33.172,30.0974,27.5917,27.2236,27.0641,28.1262,28.5257,28.0903,27.0103,17.7898,1.94464,1.50261,18.916,28.9002,30.6186,31.4334,31.1267,31.9424,32.2838,33.1667,34.8544,35.9536,22.5367,13.8293,12.776,11.8523,11.4247,11.7076,11.495,11.7139,11.2571,7.78634,1.14498,1.16667,1.19626,4.72988,12.2655,12.9882,13.1793,13.2156,13.2798,13.4522,13.5895,14.2703,15.2689
2,5,15.9849,28.2631,24.4449,21.5426,21.2253,22.1498,25.0426,25.7533,24.8683,23.4574,15.1286,0.889361,0.727419,20.3011,30.4484,31.6655,31.9173,31.4627,31.2657,30.9732,30.6014,31.5892,31.6907,19.8922,12.1993,10.9956,9.82851,9.61649,10.7225,11.4991,11.7117,11.3156,7.72557,1.14291,1.18082,1.22812,5.53187,14.4551,14.8663,14.7093,14.5831,14.2359,14.0775,13.8279,14.0451,14.3133
2,6,17.6166,31.8168,28.5775,25.81,25.1966,25.7316,28.7888,30.5711,29.9795,28.3513,18.4021,0.786656,0.686012,17.857,26.5861,28.2842,29.3007,30.0236,30.4838,30.6246,30.0706,31.6947,33.0186,21.2929,13.5076,12.2984,11.0988,10.7165,11.5054,12.5672,13.1714,12.9779,8.47437,0.713947,0.753267,0.836846,4.67239,12.574,13.207,13.4724,13.8974,13.7941,13.739,13.5071,14.0981,15.1147
2,7,18.8417,34.9339,32.0635,29.3781,28.6767,28.126,28.5953,26.8286,24.4343,21.984,14.1435,1.12292,0.893546,19.5983,27.2284,27.5923,28.0181,28.2001,28.1358,28.0431,27.9093,30.6493,33.4263,23.0852,15.3893,14.2902,13.0796,12.5253,12.658,12.3982,11.7305,10.49,6.77451,0.981041,1.0958,1.14007,4.83632,12.2741,12.5545,12.5593,12.9566,12.7218,12.8296,12.9154,14.1557,15.8979
2,8,15.379,29.0155,26.3096,24.5842,24.245,24.606,26.4633,28.9488,30.134,30.7634,21.0142,0.91745,0.788271,17.0715,25.3134,26.5895,27.0619,26.0077,24.6115,24.1307,24.6968,26.7231,29.2055,20.4894,13.6777,12.8187,12.1135,11.9961,12.6715,13.3775,14.613,15.3987,10.8655,0.642609,0.717442,0.797455,4.79875,13.0158,13.5946,13.5378,12.8166,12.0664,11.9514,12.2788,13.4228,14.7385
2,9,18.2221,33.3929,31.0637,28.3653,26.9567,25.76,26.214,26.2743,25.8032,25.0729,16.5748,0.917535,0.775341,14.1913,20.7635,21.9602,23.2871,24.5867,26.395,27.4946,28.315,30.6104,32.8684,22.9988,15.9395,15.0623,13.8255,12.836,12.6956,12.54,12.692,12.5086,8.91498,1.41211,1.54312,1.62406,4.51087,10.6344,11.2242,11.6917,12.5913,13.0777,13.5817,13.9412,15.0361,16.3268
2,10,19.8288,33.0647,33.1521,31.9471,31.5841,30.3949,29.4189,26.9919,24.0093,21.0359,13.0002,1.76402,1.42661,16.2768,25.1567,27.738,29.5074,30.2505,31.4409,31.5073,31.7199,33.3758,35.2929,22.9499,14.8395,14.3741,13.7461,13.3546,13.1967,12.1604,11.6466,10.0444,6.61212,1.44875,1.55681,1.62153,4.72654,11.5748,12.6762,13.1472,13.3136,13.5539,13.3402,13.3583,13.8398,14.9405
3,1,16.6106,28.6295,25.6681,24.125,24.5873,24.9341,26.0427,25.9135,25.1483,24.1252,16.0006,1.5673,1.3067,20.4946,28.3643,27.7085,27.4329,27.311,28.2914,29.0834,29.6115,31.2249,31.9084,20.4778,13.0681,12.2025,11.6605,11.8185,12.3452,12.3799,12.3171,11.7415,8.20671,1.49539,1.58679,1.64622,5.63714,13.56,13.5142,13.1556,13.3498,13.4139,13.6411,13.7089,14.2627,14.7667
3,2,22.5306,40.1559,37.1524,34.8441,33.7811,32.4237,32.3085,33.3937,34.1656,34.6498,23.7033,1.52096,1.35514,20.008,29.9032,30.8728,31.5413,31.3888,31.9336,32.3556,33.7576,36.7558,40.1948,25.1733,14.8534,14.0472,13.3311,12.622,12.4485,12.1978,12.5797,12.8166,9.50454,1.77966,1.87892,1.95557,5.22616,11.9468,12.334,12.2995,12.3343,12.214,12.471,12.8924,14.1606,15.3966
3,3,19.1323,33.3462,32.5626,30.5286,29.9096,29.015,29.2058,27.5921,25.2936,22.8693,14.5471,1.36231,1.12474,18.2607,25.2431,25.5732,25.5085,25.7178,26.5555,27.6058,27.9827,30.8713,33.7174,23.0661,15.5679,14.9282,14.0252,13.4575,13.5782,12.8253,12.5036,11.1578,7.2343,1.35265,1.44087,1.49573,4.86689,11.7696,11.9189,11.8823,12.0557,12.2883,12.6466,12.9432,14.1261,15.7617
3,4,19.5604,33.3423,31.3776,29.9111,30.0499,30.217,31.1524,31.4811,30.7104,29.2426,19.139,1.7979,1.40629,17.8259,27.2517,28.9744,29.9828,29.9768,31.4201,32.6522,34.0533,35.7364,36.7333,22.2776,13.3351,12.5585,12.0568,11.9941,12.3731,12.2089,12.4901,11.9289,8.17222,1.26782,1.34705,1.42006,4.67283,11.4887,12.2144,12.5498,12.6933,13.045,13.438,13.8341,14.4534,15.2574
3,5,17.1141,32.0879,29.6843,28.5739,29.4923,30.5934,33.3913,33.3778,31.6404,29.5999,18.8715,0.537815,0.435794,18.6116,28.2281,30.0666,30.4715,30.3028,29.8639,29.6409,29.0964,30.7493,32.0003,20.343,13.075,12.5764,12.1622,12.6547,13.8071,14.5056,14.3461,13.6426,8.91659,0.834627,0.84442,0.880572,4.61919,12.5333,13.0996,13.0336,13.078,12.6214,12.3657,12.12,12.5885,13.6217
3,6,17.4654,31.0607,27.8049,24.8381,23.7433,23.879,26.6673,29.0655,29.3245,28.8128,19.5344,1.16511,1.06925,15.8123,22.6176,23.9647,25.6457,27.3044,28.9015,29.4691,29.2387,30.6558,32.2155,21.6929,13.969,12.6844,11.3982,10.7257,11.3477,12.404,13.314,13.5055,9.23689,0.961245,1.00603,1.09405,4.40735,11.09,11.7216,12.5146,13.498,13.8599,14.06,13.9547,14.6323,15.6344
3,7,18.9207,34.9464,32.231,29.7199,29.0461,28.5364,28.9261,27.3097,24.9764,22.5587,14.0487,0.974945,0.812173,20.1355,27.9183,27.6473,27.7346,28.1555,28.6901,28.9762,28.7616,31.0691,33.5917,23.1031,15.3072,14.2729,13.2075,12.7311,12.8232,12.6342,12.0523,10.8901,7.07443,1.18551,1.29885,1.34107,5.13618,12.597,12.58,12.4652,12.999,13.0205,13.1924,13.2289,14.2627,15.9068
3,8,17.3354,31.1002,28.0713,25.7854,25.1318,25.4254,27.2476,29.5391,30.4953,30.9469,21.1053,0.875674,0.740192,17.1603,25.2856,26.4627,26.8909,25.9072,24.9685,25.2827,26.6421,29.3457,32.188,22.0233,14.2391,13.2051,12.3589,12.0626,12.68,13.2586,14.3083,14.8087,10.5307,1.1194,1.18359,1.26244,4.97158,12.537,13.0634,12.9826,12.3582,11.8215,12.005,12.7093,14.1025,15.4408
3,9,18.5014,33.3463,31.4323,29.2452,28.1819,27.0606,27.2576,26.8736,25.8926,24.7742,16.3328,1.1746,1.02246,14.0089,20.0758,20.9258,22.218,23.7408,25.7212,27.0689,27.841,30.2323,32.7102,23.0686,15.9295,15.0389,13.9889,13.1405,12.9276,12.6072,12.6606,12.3163,8.65523,1.48531,1.59996,1.68795,4.467,10.2005,10.703,11.3107,12.3549,13.0163,13.5345,13.9816,15.0873,16.4876
3,10,19.8539,32.5674,32.8984,31.6148,31.1701,29.9828,28.9938,26.6597,23.8571,21.3688,13.6423,1.80394,1.51579,16.0008,24.7673,27.4031,29.1214,29.821,30.7306,30.7872,30.8023,32.5106,34.6771,22.7248,14.7218,14.2416,13.6531,13.3084,13.128,12.1089,11.6523,10.2035,6.81818,1.5965,1.6892,1.7583,4.84899,11.6201,12.711,13.225,13.348,13.5879,13.2837,13.2963,13.7547,14.8996
4,1,17.3175,29.6379,26.9545,25.0936,25.0123,24.735,25.1626,24.777,24.0728,23.3056,15.5867,1.62699,1.36372,18.4344,26.2599,26.7032,27.2787,27.6508,28.9544,29.8597,30.5731,32.2036,33.1151,21.4884,13.809,12.8575,12.1965,12.0337,12.1954,11.9687,11.9278,11.3638,8.10913,1.60258,1.73886,1.78058,5.42532,12.8738,13.2345,13.2797,13.6387,13.8893,14.2221,14.4444,15.0824,15.6276
4,2,20.8717,37.2861,35.0373,33.1913,32.5275,31.7134,31.7771,32.3507,32.2723,32.008,21.6444,1.58384,1.40131,16.3299,24.0675,24.7035,25.2463,25.3132,26.4155,27.6904,29.8448,33.1554,36.6787,24.3316,15.605,14.8124,14.2685,13.6589,13.5986,13.3033,13.6045,13.4548,9.78037,1.72946,1.87038,1.91886,4.88366,10.9404,11.2866,11.2356,11.3926,11.4893,12.0025,12.7555,14.3094,15.7089
4,3,18.5579,32.9231,31.1926,28.8037,28.0743,27.2168,27.4365,25.9091,23.754,21.6182,14.0209,1.28987,1.0715,17.7372,25.2245,26.2191,26.3654,26.4236,26.9988,27.8347,28.1692,30.8231,33.3032,22.6161,15.2721,14.41,13.4453,12.905,12.8378,12.3655,11.8246,10.5818,7.03845,1.31936,1.43402,1.47274,4.89422,12.0584,12.5002,12.3664,12.5628,12.6503,12.805,13.0622,14.119,15.553
4,4,19.086,31.7103,29.737,28.461,29.1209,30.105,31.9946,32.9881,32.3261,30.7619,19.895,1.54807,1.17267,17.1899,25.9863,26.9627,27.2544,26.8528,28.0196,29.5726,31.4901,33.848,35.4784,21.883,13.2042,12.4008,12.0154,12.2584,13.0207,13.1365,13.6444,13.0604,8.94443,1.46582,1.54769,1.61046,4.82665,11.469,11.9343,11.946,11.86,12.1597,12.6403,13.3301,14.2387,15.1433
4,5,17.6008,32.2076,28.9384,26.6504,26.3448,26.0624,27.0254,26.1175,24.4932,22.9746,14.8662,0.53135,0.399739,18.4804,28.1466,29.8599,30.2984,30.0891,30.0178,30.3344,30.5254,32.3345,33.6157,21.5827,13.6638,12.6378,11.7461,11.4865,11.7629,11.8097,11.4081,10.7354,7.14286,0.745451,0.781999,0.790818,4.74304,13.049,13.6297,13.5802,13.6302,13.3863,13.4249,13.5791,14.2528,15.1533
4,6,16.687,30.8628,28.9687,26.91,26.0504,25.8141,27.3744,28.6117,28.342,27.7015,18.8367,1.06165,1.01155,19.2732,28.7837,30.3188,31.048,30.866,30.4622,30.1384,29.647,30.4037,30.6996,19.9431,13.3356,12.6535,11.8015,11.2602,11.5051,11.9903,12.4792,12.487,8.59909,0.95868,0.987791,1.03043,5.10778,13.4591,14.013,14.1246,14.0212,13.6834,13.5325,13.2905,13.4778,13.9225
4,7,17.4604,32.1063,29.5262,27.3705,27.3026,27.3922,28.6981,27.7509,25.9611,24.0392,15.2837,1.0516,0.876001,19.7625,28.0732,29.1452,29.4485,29.0362,28.0705,27.3647,26.6902,29.0833,31.31,21.5885,14.5428,13.5922,12.6586,12.508,12.9923,13.1526,12.7909,11.9026,7.98452,1.4064,1.54042,1.58452,5.38724,13.2103,13.7066,13.5749,13.6188,13.0233,12.8002,12.6182,13.6308,15.2197
4,8,19.3422,34.3733,30.6621,27.307,25.6149,24.9298,25.3958,26.1301,26.0526,26.1892,18.1152,0.461282,0.391099,17.0374,25.2811,26.824,27.6662,27.5789,27.803,29.0898,30.74,33.5659,36.1142,23.6235,14.6409,13.4818,12.3599,11.6264,11.657,11.7027,12.0736,11.9723,8.59197,1.18489,1.30359,1.36031,4.86452,12.1461,12.6722,12.7596,12.6204,12.4825,12.8706,13.6407,15.0312,16.224
4,9,17.8679,32.3171,30.4599,28.6504,28.004,27.6905,28.6693,28.8832,28.1103,27.111,17.8951,1.21035,1.0757,14.5649,20.1539,20.4575,21.4574,23.1332,25.4679,27.0723,27.9685,30.225,32.2482,22.4444,15.5682,14.7747,13.9178,13.3201,13.5181,13.5146,13.7924,13.5499,9.63522,1.56262,1.71807,1.77505,4.5348,10.0614,10.3023,10.7068,11.9203,12.7317,13.3848,13.8421,14.8509,16.0482
4,10,18.8056,31.6595,32.2546,31.724,32.1539,31.7615,31.5629,29.0871,25.7712,22.6812,14.2684,1.72751,1.46289,16.5841,25.5556,28.296,29.8597,30.365,30.8167,30.4771,29.768,31.1189,32.8348,21.4805,14.1042,13.7756,13.4764,13.5691,13.7871,13.0691,12.4998,10.8529,7.07066,1.52792,1.68479,1.75878,4.96637,11.9955,13.1162,13.5792,13.6953,13.7233,13.2984,12.9619,13.243,14.3471
5,1,14.9596,27.0896,25.4632,24.347,24.8129,24.4921,24.9745,23.4433,21.9098,20.5207,13.447,1.17011,0.942895,17.6715,24.8427,25.2572,25.0801,25.0029,25.1691,25.2931,24.7463,26.3593,27.1695,18.8353,13.4926,12.9244,12.36,12.5324,12.7413,12.5558,11.8408,11.0063,7.37991,1.07533,1.1466,1.18509,5.05084,12.9911,13.2546,12.924,13.1984,12.9584,12.9035,12.6474,13.1152,14.1103
5,2,21.9669,39.2413,36.5198,34.3838,33.7082,32.6606,32.807,33.2505,33.1502,32.8229,22.0068,1.58798,1.3749,18.8103,27.5938,28.1462,28.3853,28.0549,28.7555,29.4638,31.1907,34.5343,38.2787,24.6455,15.0768,14.2096,13.6335,13.005,13.0053,12.6963,12.9004,12.783,9.39171,1.8333,1.94519,2.00835,5.15948,11.5852,11.9015,11.633,11.6367,11.5234,11.9237,12.384,13.7722,15.1866
5,3,18.2199,33.5452,31.2009,28.7984,28.6268,28.0734,29.2184,27.8939,25.7831,23.4124,14.7983,1.26773,1.02604,19.6791,27.8207,28.8631,28.725,28.7942,28.9803,28.9793,28.2134,30.6382,32.642,21.6944,14.6526,13.8112,12.7966,12.5882,12.8099,12.7728,12.1663,11.1244,7.29478,1.23757,1.32621,1.37474,5.09273,12.8382,13.2854,12.9613,13.3598,13.0706,12.8591,12.5601,13.3095,14.8106
5,4,19.3198,32.0338,30.0742,28.772,29.2183,29.4474,30.6665,31.2779,30.806,29.4895,19.343,2.10883,1.64073,18.4431,27.2742,28.0615,28.4558,28.4179,30.0182,31.332,32.7697,34.7424,35.9777,22.0969,13.2905,12.4685,11.9217,11.8838,12.3408,12.1349,12.5106,12.023,8.29995,1.35313,1.38638,1.42734,4.74734,11.5905,12.0675,12.1195,12.2656,12.6073,13.0073,13.3894,14.0648,14.9272
5,5,14.6096,25.0665,20.6102,17.3369,18.274,20.5425,23.7047,24.3142,23.7857,23.0481,15.2361,0.779382,0.626536,20.8762,31.1289,32.0981,32.1104,31.421,30.9985,30.5699,30.0076,30.7168,30.1716,18.4661,10.7693,9.31616,7.99715,8.58338,10.2898,11.1263,11.3585,11.2752,7.94171,1.20495,1.22617,1.26874,5.89206,15.3416,15.6941,15.4035,15.1699,14.7467,14.486,14.1078,14.1051,13.9701
5,6,17.7546,31.6162,27.9259,24.3403,22.7012,22.5779,25.4419,28.8239,30.1621,30.7122,21.3943,1.0216,0.914563,23.0964,33.2027,32.6116,31.8401,30.612,30.4326,30.3877,30.0285,30.7661,31.9779,21.2157,13.4074,12.1058,10.7406,9.91846,10.4237,11.4645,12.6787,13.3503,9.49252,0.99405,1.03449,1.12879,5.8215,14.9895,14.9132,14.3507,13.8744,13.692,13.6913,13.4394,13.7422,14.6269
5,7,18.9674,34.1039,30.1951,26.8458,25.6255,24.7387,25.0845,24.172,22.8155,21.3916,13.8199,1.15285,0.928981,16.6435,22.8358,23.2086,24.4316,25.7155,27.4275,28.6256,29.4758,32.251,34.958,24.0865,15.7219,14.249,12.8367,11.9808,11.8811,11.6716,11.3742,10.6424,7.27447,1.24259,1.36236,1.39496,4.60508,11.0094,11.353,11.7879,12.7601,13.1922,13.767,14.2574,15.606,17.2157
5,8,17.0991,31.6801,29.6056,27.9116,27.4662,27.3347,28.2873,28.6445,27.9539,27.1047,18.2247,0.863357,0.743432,15.6667,22.8128,24.128,24.5308,24.2875,24.1327,25.3537,26.4378,29.2052,31.3877,21.6723,14.7075,14.1359,13.4463,13.2369,13.6675,13.8805,14.1104,13.8087,9.38816,0.886561,0.948049,1.01851,4.33409,11.209,11.677,11.5818,11.4845,11.3299,11.9219,12.6521,13.9592,15.2605
5,9,14.9819,26.1239,22.8618,20.9969,21.6072,23.2702,26.6615,28.8646,29.3503,29.0054,19.1125,1.16848,1.0181,16.1112,23.4136,24.0178,24.7145,25.1858,26.0665,26.1532,26.3378,27.7457,28.6933,19.5712,12.8212,11.6387,10.7701,11.0099,12.5993,13.6943,14.8315,15.2873,11.0521,1.71182,1.88179,1.98162,5.55471,12.8829,13.3345,13.473,13.9175,14.0011,14.1416,14.0704,14.7124,15.1944
5,10,19.0408,31.1436,32.062,31.1527,31.299,30.6597,30.5462,28.4808,25.7006,22.899,14.3925,1.9042,1.55362,15.2653,23.3666,25.908,27.3851,28.0703,28.9378,28.9609,28.6318,30.2346,32.2819,21.8036,14.663,14.3206,13.7443,13.6269,13.8014,12.9647,12.5388,11.0095,7.20914,1.54046,1.6289,1.68866,4.7069,11.3599,12.4182,12.7813,12.9423,13.0806,12.7498,12.5456,12.9357,14.2921
6,1,15.944,27.9619,26.3872,25.2693,25.6917,25.4675,26.2325,25.2186,23.9175,22.4515,14.9024,1.96665,1.64639,18.9219,26.2966,26.6537,26.5449,26.3651,26.6717,26.6989,26.4696,28.2194,28.952,19.4107,13.2966,12.8642,12.3444,12.414,12.7743,12.6276,12.2269,11.4047,7.97742,1.7959,1.90328,1.96098,5.72067,13.4526,13.7582,13.3689,13.5165,13.2227,13.1346,12.8477,13.335,14.1108
6,2,19.3699,34.0533,32.3327,30.7157,30.5365,29.6341,29.9993,29.7997,29.4132,28.8894,19.6929,2.55421,2.31011,19.0561,27.4505,28.3899,28.7158,28.3959,28.3949,27.9353,28.1064,30.3142,32.5096,21.9083,14.5412,13.834,13.4026,12.9222,13.0478,12.7292,12.6651,12.4454,9.37552,2.61034,2.72747,2.80749,6.0379,12.6897,13.1044,12.8198,12.8432,12.3813,12.3593,12.1478,12.988,14.0798
6,3,17.5599,31.4553,29.9058,27.7821,27.543,26.9964,28.2744,27.3686,25.7909,24.0231,15.7743,1.85857,1.58894,18.752,25.8777,26.5871,26.3557,25.9254,26.1687,26.3349,26.0522,28.47,30.5852,21.0635,14.6643,14.0717,13.1342,12.8019,13.1573,13.0403,12.6919,11.8197,8.28997,2.09386,2.20225,2.2871,5.73922,12.919,13.2432,12.7491,12.7987,12.5594,12.4422,12.2737,13.1046,14.4974
6,4,16.6625,27.1771,25.5511,23.9873,24.4277,24.4998,25.7889,25.6331,24.7478,23.1688,15.3958,2.82835,2.32453,16.6895,23.8755,25.0358,25.8289,26.0889,26.9025,26.9253,27.1912,28.916,29.9281,19.8615,13.0236,12.1827,11.4754,11.4195,11.9615,11.8439,11.9398,11.2675,7.99973,2.14026,2.2217,2.31327,5.50086,12.1062,12.7866,12.9942,13.2807,13.2117,13.1048,13.01,13.4986,14.3837
6,5,17.2982,31.7212,29.2123,27.214,27.2797,26.9164,28.3873,27.5557,25.9269,24.3362,15.9975,1.20824,1.0083,19.2084,28.2221,29.688,30.0418,29.6418,29.1176,28.7961,28.5269,30.2328,31.4102,20.7022,13.7602,13.1194,12.2425,12.1199,12.6272,12.7854,12.3683,11.7483,8.24934,1.7316,1.74996,1.81503,5.621,13.5464,14.046,13.8351,13.7813,13.2277,12.9713,12.7917,13.2634,14.2531
6,6,16.6399,29.9676,27.395,25.2511,25.1363,25.428,27.9398,29.1402,28.4099,26.8147,17.4066,1.51248,1.40521,16.0239,24.0557,26.2568,27.5274,28.1399,28.6662,29.2177,29.0401,30.7226,31.4719,20.5612,13.5721,12.6203,11.6288,11.4402,12.1069,12.8793,13.1506,12.9001,8.60584,1.33243,1.37972,1.49797,4.85184,11.9435,12.8228,13.1862,13.6639,13.6239,13.7865,13.805,14.3663,15.1719
6,7,16.9393,30.882,28.8285,27.1238,27.3299,27.3753,28.8025,27.8722,26.3507,24.7736,16.1348,1.55659,1.32519,20.5107,28.7326,29.7774,30.2165,29.7587,28.6586,27.6107,26.5156,28.4183,30.0098,20.6451,14.164,13.4477,12.5973,12.5616,13.0679,13.2471,12.8434,12.1759,8.48339,1.87762,1.99749,2.04526,5.84589,13.6302,14.1251,14.0093,14.0178,13.3286,12.9219,12.4638,13.1227,14.477
6,8,16.516,29.9181,27.6327,26.0622,25.8367,25.8764,27.2336,27.8858,27.5226,27.1096,18.7119,1.54323,1.38127,16.4227,23.986,25.8298,26.5385,26.0441,24.896,25.0163,25.6169,28.1519,29.9693,20.3941,13.7697,13.2394,12.6302,12.5824,13.2275,13.6875,14.0912,14.1668,10.1383,1.6395,1.69043,1.7852,5.1699,12.1942,12.8345,12.766,12.366,11.582,11.5894,12.037,13.0835,14.1603
6,9,17.0635,29.956,27.8657,26.0975,25.5643,25.2714,26.8733,27.938,28.1013,27.7283,18.6483,1.89472,1.69662,13.495,19.7226,21.1561,22.3997,23.3208,24.7053,25.3051,25.9373,27.9217,29.8103,20.9922,14.6056,13.9414,13.1032,12.6516,13.1398,13.5785,14.1438,14.3928,10.7822,2.68702,2.89347,3.07381,5.77228,11.4708,12.2205,12.5034,13.2044,13.3839,13.6842,13.8527,14.7729,15.7296
6,10,17.4849,30.1505,29.2063,28.2282,28.4665,27.6706,27.4758,25.4563,23.105,20.6539,13.6204,3.13731,2.64327,16.6824,24.4568,26.5548,27.7988,28.006,28.4519,27.6067,27.0992,28.3388,29.4433,19.84,13.7471,13.4999,12.9239,12.7517,12.9101,12.3393,11.7968,10.5666,7.60396,2.55606,2.70124,2.81055,5.92463,12.7332,13.7094,13.8231,14.0327,13.6579,13.1608,12.5968,12.8638,13.7869
